"location","count","date","hour","weather","temperature","windspeed","year","month","weekday","temperatureC","windspeedC"
"Neutor",24,"2017-01-01",7,"wolkig",-1,11,2017,"1","Sun",-11.0953094537017,-1.31282811896485
"Neutor",17,"2017-01-01",8,"wolkig",-1,9,2017,"1","Sun",-11.0953094537017,-3.31282811896485
"Neutor",190,"2017-01-02",7,"wolkig",1,9,2017,"1","Mon",-9.09530945370167,-3.31282811896485
"Neutor",276,"2017-01-02",8,"teilweise bewölkt",0,9,2017,"1","Mon",-10.0953094537017,-3.31282811896485
"Neutor",247,"2017-01-03",7,"wolkig",2,20,2017,"1","Tue",-8.09530945370167,7.68717188103515
"Neutor",395,"2017-01-03",8,"wolkig",2,19,2017,"1","Tue",-8.09530945370167,6.68717188103515
"Neutor",277,"2017-01-04",7,"wolkig",5,26,2017,"1","Wed",-5.09530945370167,13.6871718810351
"Neutor",448,"2017-01-04",8,"teilweise bewölkt",4,24,2017,"1","Wed",-6.09530945370167,11.6871718810351
"Neutor",283,"2017-01-05",7,"teilweise bewölkt",-2,7,2017,"1","Thu",-12.0953094537017,-5.31282811896485
"Neutor",509,"2017-01-05",8,"teilweise bewölkt",-3,6,2017,"1","Thu",-13.0953094537017,-6.31282811896485
"Neutor",254,"2017-01-06",7,"Klarer Himmel",-8,6,2017,"1","Fri",-18.0953094537017,-6.31282811896485
"Neutor",468,"2017-01-06",8,"Klarer Himmel",-8,4,2017,"1","Fri",-18.0953094537017,-8.31282811896485
"Neutor",40,"2017-01-07",7,"Schnee",-4,15,2017,"1","Sat",-14.0953094537017,2.68717188103515
"Neutor",92,"2017-01-07",8,"Schnee",-4,13,2017,"1","Sat",-14.0953094537017,0.687171881035148
"Neutor",9,"2017-01-08",7,"Nebel",1,0,2017,"1","Sun",-9.09530945370167,-12.3128281189649
"Neutor",22,"2017-01-08",8,"Nebel",1,9,2017,"1","Sun",-9.09530945370167,-3.31282811896485
"Neutor",646,"2017-01-09",7,"wolkig",0,9,2017,"1","Mon",-10.0953094537017,-3.31282811896485
"Neutor",972,"2017-01-09",8,"wolkig",0,9,2017,"1","Mon",-10.0953094537017,-3.31282811896485
"Neutor",621,"2017-01-10",7,"Regen",3,15,2017,"1","Tue",-7.09530945370167,2.68717188103515
"Neutor",917,"2017-01-10",8,"Regen",2,11,2017,"1","Tue",-8.09530945370167,-1.31282811896485
"Neutor",786,"2017-01-11",7,"wolkig",5,20,2017,"1","Wed",-5.09530945370167,7.68717188103515
"Neutor",1082,"2017-01-11",8,"wolkig",5,22,2017,"1","Wed",-5.09530945370167,9.68717188103515
"Neutor",777,"2017-01-12",7,"wolkig",5,26,2017,"1","Thu",-5.09530945370167,13.6871718810351
"Neutor",1074,"2017-01-12",8,"teilweise bewölkt",4,26,2017,"1","Thu",-6.09530945370167,13.6871718810351
"Neutor",469,"2017-01-13",7,"Schnee",1,22,2017,"1","Fri",-9.09530945370167,9.68717188103515
"Neutor",699,"2017-01-13",8,"wolkig",1,20,2017,"1","Fri",-9.09530945370167,7.68717188103515
"Neutor",100,"2017-01-14",7,"Klarer Himmel",1,17,2017,"1","Sat",-9.09530945370167,4.68717188103515
"Neutor",230,"2017-01-14",8,"teilweise bewölkt",1,19,2017,"1","Sat",-9.09530945370167,6.68717188103515
"Neutor",22,"2017-01-15",7,"Klarer Himmel",-2,7,2017,"1","Sun",-12.0953094537017,-5.31282811896485
"Neutor",54,"2017-01-15",8,"Klarer Himmel",-3,11,2017,"1","Sun",-13.0953094537017,-1.31282811896485
"Neutor",648,"2017-01-16",7,"wolkig",-1,6,2017,"1","Mon",-11.0953094537017,-6.31282811896485
"Neutor",936,"2017-01-16",8,"wolkig",-1,0,2017,"1","Mon",-11.0953094537017,-12.3128281189649
"Neutor",689,"2017-01-17",7,"wolkig",-4,4,2017,"1","Tue",-14.0953094537017,-8.31282811896485
"Neutor",1117,"2017-01-17",8,"wolkig",-4,6,2017,"1","Tue",-14.0953094537017,-6.31282811896485
"Neutor",693,"2017-01-18",7,"wolkig",-5,2,2017,"1","Wed",-15.0953094537017,-10.3128281189649
"Neutor",1094,"2017-01-18",8,"wolkig",-5,6,2017,"1","Wed",-15.0953094537017,-6.31282811896485
"Neutor",678,"2017-01-19",7,"Klarer Himmel",-4,2,2017,"1","Thu",-14.0953094537017,-10.3128281189649
"Neutor",1037,"2017-01-19",8,"teilweise bewölkt",-4,4,2017,"1","Thu",-14.0953094537017,-8.31282811896485
"Neutor",679,"2017-01-20",7,"Klarer Himmel",-6,0,2017,"1","Fri",-16.0953094537017,-12.3128281189649
"Neutor",880,"2017-01-20",8,"Klarer Himmel",-5,2,2017,"1","Fri",-15.0953094537017,-10.3128281189649
"Neutor",73,"2017-01-21",7,"Klarer Himmel",-2,6,2017,"1","Sat",-12.0953094537017,-6.31282811896485
"Neutor",196,"2017-01-21",8,"Klarer Himmel",-2,6,2017,"1","Sat",-12.0953094537017,-6.31282811896485
"Neutor",42,"2017-01-22",7,"Nebel",-7,2,2017,"1","Sun",-17.0953094537017,-10.3128281189649
"Neutor",42,"2017-01-22",8,"Nebel",-7,0,2017,"1","Sun",-17.0953094537017,-12.3128281189649
"Neutor",676,"2017-01-23",7,"wolkig",-3,2,2017,"1","Mon",-13.0953094537017,-10.3128281189649
"Neutor",1054,"2017-01-23",8,"wolkig",-3,4,2017,"1","Mon",-13.0953094537017,-8.31282811896485
"Neutor",702,"2017-01-24",7,"wolkig",-1,2,2017,"1","Tue",-11.0953094537017,-10.3128281189649
"Neutor",1030,"2017-01-24",8,"Nebel",-1,7,2017,"1","Tue",-11.0953094537017,-5.31282811896485
"Neutor",748,"2017-01-25",7,"Nebel",-6,4,2017,"1","Wed",-16.0953094537017,-8.31282811896485
"Neutor",1087,"2017-01-25",8,"Nebel",-7,4,2017,"1","Wed",-17.0953094537017,-8.31282811896485
"Neutor",717,"2017-01-26",7,"",-4,4,2017,"1","Thu",-14.0953094537017,-8.31282811896485
"Neutor",1093,"2017-01-26",8,"",-4,6,2017,"1","Thu",-14.0953094537017,-6.31282811896485
"Neutor",607,"2017-01-27",7,"Klarer Himmel",-2,9,2017,"1","Fri",-12.0953094537017,-3.31282811896485
"Neutor",844,"2017-01-27",8,"Klarer Himmel",-2,7,2017,"1","Fri",-12.0953094537017,-5.31282811896485
"Neutor",70,"2017-01-28",7,"Klarer Himmel",3,4,2017,"1","Sat",-7.09530945370167,-8.31282811896485
"Neutor",192,"2017-01-28",8,"Klarer Himmel",2,7,2017,"1","Sat",-8.09530945370167,-5.31282811896485
"Neutor",35,"2017-01-29",7,"",3,9,2017,"1","Sun",-7.09530945370167,-3.31282811896485
"Neutor",70,"2017-01-29",8,"",4,13,2017,"1","Sun",-6.09530945370167,0.687171881035148
"Neutor",615,"2017-01-30",7,"Regen",4,11,2017,"1","Mon",-6.09530945370167,-1.31282811896485
"Neutor",807,"2017-01-30",8,"Regen",4,11,2017,"1","Mon",-6.09530945370167,-1.31282811896485
"Neutor",722,"2017-01-31",7,"Nebel",1,6,2017,"1","Tue",-9.09530945370167,-6.31282811896485
"Neutor",1021,"2017-01-31",8,"Nebel",1,6,2017,"1","Tue",-9.09530945370167,-6.31282811896485
"Neutor",772,"2017-02-01",7,"wolkig",2,9,2017,"2","Wed",-8.09530945370167,-3.31282811896485
"Neutor",1062,"2017-02-01",8,"wolkig",2,15,2017,"2","Wed",-8.09530945370167,2.68717188103515
"Neutor",763,"2017-02-02",7,"Nebel",3,6,2017,"2","Thu",-7.09530945370167,-6.31282811896485
"Neutor",1060,"2017-02-02",8,"Nebel",3,7,2017,"2","Thu",-7.09530945370167,-5.31282811896485
"Neutor",636,"2017-02-03",7,"wolkig",6,6,2017,"2","Fri",-4.09530945370167,-6.31282811896485
"Neutor",838,"2017-02-03",8,"Regen",6,6,2017,"2","Fri",-4.09530945370167,-6.31282811896485
"Neutor",172,"2017-02-04",7,"teilweise bewölkt",6,7,2017,"2","Sat",-4.09530945370167,-5.31282811896485
"Neutor",213,"2017-02-04",8,"teilweise bewölkt",5,7,2017,"2","Sat",-5.09530945370167,-5.31282811896485
"Neutor",53,"2017-02-05",7,"wolkig",5,6,2017,"2","Sun",-5.09530945370167,-6.31282811896485
"Neutor",56,"2017-02-05",8,"wolkig",5,7,2017,"2","Sun",-5.09530945370167,-5.31282811896485
"Neutor",707,"2017-02-06",7,"Nebel",0,0,2017,"2","Mon",-10.0953094537017,-12.3128281189649
"Neutor",888,"2017-02-06",8,"wolkig",2,0,2017,"2","Mon",-8.09530945370167,-12.3128281189649
"Neutor",728,"2017-02-07",7,"Regen",1,11,2017,"2","Tue",-9.09530945370167,-1.31282811896485
"Neutor",896,"2017-02-07",8,"wolkig",0,9,2017,"2","Tue",-10.0953094537017,-3.31282811896485
"Neutor",629,"2017-02-08",7,"Schnee",-1,9,2017,"2","Wed",-11.0953094537017,-3.31282811896485
"Neutor",738,"2017-02-08",8,"wolkig",-1,11,2017,"2","Wed",-11.0953094537017,-1.31282811896485
"Neutor",611,"2017-02-09",7,"wolkig",-2,11,2017,"2","Thu",-12.0953094537017,-1.31282811896485
"Neutor",793,"2017-02-09",8,"wolkig",-2,9,2017,"2","Thu",-12.0953094537017,-3.31282811896485
"Neutor",661,"2017-02-10",7,"wolkig",-2,11,2017,"2","Fri",-12.0953094537017,-1.31282811896485
"Neutor",677,"2017-02-10",8,"wolkig",-2,9,2017,"2","Fri",-12.0953094537017,-3.31282811896485
"Neutor",149,"2017-02-11",7,"Nebel",-1,11,2017,"2","Sat",-11.0953094537017,-1.31282811896485
"Neutor",195,"2017-02-11",8,"wolkig",-1,9,2017,"2","Sat",-11.0953094537017,-3.31282811896485
"Neutor",37,"2017-02-12",7,"wolkig",0,13,2017,"2","Sun",-10.0953094537017,0.687171881035148
"Neutor",50,"2017-02-12",8,"wolkig",0,13,2017,"2","Sun",-10.0953094537017,0.687171881035148
"Neutor",709,"2017-02-13",7,"",0,11,2017,"2","Mon",-10.0953094537017,-1.31282811896485
"Neutor",856,"2017-02-13",8,"Klarer Himmel",1,13,2017,"2","Mon",-9.09530945370167,0.687171881035148
"Neutor",755,"2017-02-14",7,"",-3,6,2017,"2","Tue",-13.0953094537017,-6.31282811896485
"Neutor",866,"2017-02-14",8,"Klarer Himmel",1,7,2017,"2","Tue",-9.09530945370167,-5.31282811896485
"Neutor",741,"2017-02-15",7,"Klarer Himmel",-3,2,2017,"2","Wed",-13.0953094537017,-10.3128281189649
"Neutor",815,"2017-02-15",8,"Klarer Himmel",-1,4,2017,"2","Wed",-11.0953094537017,-8.31282811896485
"Neutor",690,"2017-02-16",7,"Nebel",3,9,2017,"2","Thu",-7.09530945370167,-3.31282811896485
"Neutor",840,"2017-02-16",8,"Klarer Himmel",5,7,2017,"2","Thu",-5.09530945370167,-5.31282811896485
"Neutor",638,"2017-02-17",7,"Regen",6,20,2017,"2","Fri",-4.09530945370167,7.68717188103515
"Neutor",666,"2017-02-17",8,"Regen",6,20,2017,"2","Fri",-4.09530945370167,7.68717188103515
"Neutor",148,"2017-02-18",7,"wolkig",4,6,2017,"2","Sat",-6.09530945370167,-6.31282811896485
"Neutor",176,"2017-02-18",8,"wolkig",4,4,2017,"2","Sat",-6.09530945370167,-8.31282811896485
"Neutor",37,"2017-02-19",7,"Klarer Himmel",3,11,2017,"2","Sun",-7.09530945370167,-1.31282811896485
"Neutor",56,"2017-02-19",8,"Klarer Himmel",4,13,2017,"2","Sun",-6.09530945370167,0.687171881035148
"Neutor",665,"2017-02-20",7,"Regen",7,17,2017,"2","Mon",-3.09530945370167,4.68717188103515
"Neutor",748,"2017-02-20",8,"Regen",7,22,2017,"2","Mon",-3.09530945370167,9.68717188103515
"Neutor",742,"2017-02-21",7,"wolkig",8,24,2017,"2","Tue",-2.09530945370167,11.6871718810351
"Neutor",903,"2017-02-21",8,"wolkig",8,26,2017,"2","Tue",-2.09530945370167,13.6871718810351
"Neutor",540,"2017-02-22",7,"Regen",10,37,2017,"2","Wed",-0.0953094537016721,24.6871718810351
"Neutor",667,"2017-02-22",8,"Regen",10,28,2017,"2","Wed",-0.0953094537016721,15.6871718810351
"Neutor",453,"2017-02-23",7,"Regen",9,19,2017,"2","Thu",-1.09530945370167,6.68717188103515
"Neutor",560,"2017-02-23",8,"Regen",9,24,2017,"2","Thu",-1.09530945370167,11.6871718810351
"Neutor",448,"2017-02-24",7,"Klarer Himmel",3,22,2017,"2","Fri",-7.09530945370167,9.68717188103515
"Neutor",599,"2017-02-24",8,"Klarer Himmel",3,19,2017,"2","Fri",-7.09530945370167,6.68717188103515
"Neutor",92,"2017-02-25",7,"wolkig",1,9,2017,"2","Sat",-9.09530945370167,-3.31282811896485
"Neutor",132,"2017-02-25",8,"",2,15,2017,"2","Sat",-8.09530945370167,2.68717188103515
"Neutor",42,"2017-02-26",7,"Regen",7,11,2017,"2","Sun",-3.09530945370167,-1.31282811896485
"Neutor",51,"2017-02-26",8,"Regen",7,22,2017,"2","Sun",-3.09530945370167,9.68717188103515
"Neutor",237,"2017-02-27",7,"wolkig",10,19,2017,"2","Mon",-0.0953094537016721,6.68717188103515
"Neutor",242,"2017-02-27",8,"wolkig",10,17,2017,"2","Mon",-0.0953094537016721,4.68717188103515
"Neutor",548,"2017-02-28",7,"wolkig",6,28,2017,"2","Tue",-4.09530945370167,15.6871718810351
"Neutor",690,"2017-02-28",8,"wolkig",6,30,2017,"2","Tue",-4.09530945370167,17.6871718810351
"Neutor",539,"2017-03-01",7,"Regen",3,2,2017,"3","Wed",-7.09530945370167,-10.3128281189649
"Neutor",682,"2017-03-01",8,"wolkig",4,7,2017,"3","Wed",-6.09530945370167,-5.31282811896485
"Neutor",561,"2017-03-02",7,"Regen",5,46,2017,"3","Thu",-5.09530945370167,33.6871718810351
"Neutor",645,"2017-03-02",8,"wolkig",6,33,2017,"3","Thu",-4.09530945370167,20.6871718810351
"Neutor",609,"2017-03-03",7,"Klarer Himmel",2,6,2017,"3","Fri",-8.09530945370167,-6.31282811896485
"Neutor",752,"2017-03-03",8,"Klarer Himmel",4,7,2017,"3","Fri",-6.09530945370167,-5.31282811896485
"Neutor",111,"2017-03-04",7,"Klarer Himmel",7,7,2017,"3","Sat",-3.09530945370167,-5.31282811896485
"Neutor",172,"2017-03-04",8,"Klarer Himmel",7,7,2017,"3","Sat",-3.09530945370167,-5.31282811896485
"Neutor",42,"2017-03-05",7,"wolkig",7,20,2017,"3","Sun",-3.09530945370167,7.68717188103515
"Neutor",61,"2017-03-05",8,"Regen",8,22,2017,"3","Sun",-2.09530945370167,9.68717188103515
"Neutor",629,"2017-03-06",7,"wolkig",5,9,2017,"3","Mon",-5.09530945370167,-3.31282811896485
"Neutor",667,"2017-03-06",8,"Regen",6,13,2017,"3","Mon",-4.09530945370167,0.687171881035148
"Neutor",646,"2017-03-07",7,"wolkig",5,4,2017,"3","Tue",-5.09530945370167,-8.31282811896485
"Neutor",773,"2017-03-07",8,"wolkig",5,7,2017,"3","Tue",-5.09530945370167,-5.31282811896485
"Neutor",676,"2017-03-08",7,"wolkig",4,15,2017,"3","Wed",-6.09530945370167,2.68717188103515
"Neutor",740,"2017-03-08",8,"wolkig",5,15,2017,"3","Wed",-5.09530945370167,2.68717188103515
"Neutor",633,"2017-03-09",7,"wolkig",5,7,2017,"3","Thu",-5.09530945370167,-5.31282811896485
"Neutor",728,"2017-03-09",8,"wolkig",6,11,2017,"3","Thu",-4.09530945370167,-1.31282811896485
"Neutor",615,"2017-03-10",7,"wolkig",5,11,2017,"3","Fri",-5.09530945370167,-1.31282811896485
"Neutor",676,"2017-03-10",8,"wolkig",5,17,2017,"3","Fri",-5.09530945370167,4.68717188103515
"Neutor",113,"2017-03-11",7,"Klarer Himmel",4,6,2017,"3","Sat",-6.09530945370167,-6.31282811896485
"Neutor",171,"2017-03-11",8,"Klarer Himmel",6,7,2017,"3","Sat",-4.09530945370167,-5.31282811896485
"Neutor",48,"2017-03-12",7,"Klarer Himmel",5,11,2017,"3","Sun",-5.09530945370167,-1.31282811896485
"Neutor",64,"2017-03-12",8,"Klarer Himmel",6,11,2017,"3","Sun",-4.09530945370167,-1.31282811896485
"Neutor",725,"2017-03-13",7,"Klarer Himmel",3,6,2017,"3","Mon",-7.09530945370167,-6.31282811896485
"Neutor",837,"2017-03-13",8,"Klarer Himmel",5,6,2017,"3","Mon",-5.09530945370167,-6.31282811896485
"Neutor",795,"2017-03-14",7,"wolkig",5,7,2017,"3","Tue",-5.09530945370167,-5.31282811896485
"Neutor",852,"2017-03-14",8,"wolkig",6,7,2017,"3","Tue",-4.09530945370167,-5.31282811896485
"Neutor",815,"2017-03-15",7,"wolkig",8,11,2017,"3","Wed",-2.09530945370167,-1.31282811896485
"Neutor",961,"2017-03-15",8,"",9,9,2017,"3","Wed",-1.09530945370167,-3.31282811896485
"Neutor",790,"2017-03-16",7,"Klarer Himmel",2,4,2017,"3","Thu",-8.09530945370167,-8.31282811896485
"Neutor",831,"2017-03-16",8,"Klarer Himmel",6,4,2017,"3","Thu",-4.09530945370167,-8.31282811896485
"Neutor",604,"2017-03-17",7,"Regen",8,19,2017,"3","Fri",-2.09530945370167,6.68717188103515
"Neutor",630,"2017-03-17",8,"wolkig",8,20,2017,"3","Fri",-2.09530945370167,7.68717188103515
"Neutor",68,"2017-03-18",7,"Regen",9,37,2017,"3","Sat",-1.09530945370167,24.6871718810351
"Neutor",152,"2017-03-18",8,"Regen",10,33,2017,"3","Sat",-0.0953094537016721,20.6871718810351
"Neutor",26,"2017-03-19",7,"Regen",10,20,2017,"3","Sun",-0.0953094537016721,7.68717188103515
"Neutor",43,"2017-03-19",8,"Regen",11,22,2017,"3","Sun",0.904690546298328,9.68717188103515
"Neutor",609,"2017-03-20",7,"Regen",10,20,2017,"3","Mon",-0.0953094537016721,7.68717188103515
"Neutor",651,"2017-03-20",8,"Regen",10,24,2017,"3","Mon",-0.0953094537016721,11.6871718810351
"Neutor",657,"2017-03-21",7,"wolkig",8,15,2017,"3","Tue",-2.09530945370167,2.68717188103515
"Neutor",814,"2017-03-21",8,"wolkig",8,24,2017,"3","Tue",-2.09530945370167,11.6871718810351
"Neutor",757,"2017-03-22",7,"Klarer Himmel",1,6,2017,"3","Wed",-9.09530945370167,-6.31282811896485
"Neutor",910,"2017-03-22",8,"Klarer Himmel",4,9,2017,"3","Wed",-6.09530945370167,-3.31282811896485
"Neutor",729,"2017-03-23",7,"Klarer Himmel",7,9,2017,"3","Thu",-3.09530945370167,-3.31282811896485
"Neutor",844,"2017-03-23",8,"Klarer Himmel",8,11,2017,"3","Thu",-2.09530945370167,-1.31282811896485
"Neutor",691,"2017-03-24",7,"teilweise bewölkt",5,19,2017,"3","Fri",-5.09530945370167,6.68717188103515
"Neutor",765,"2017-03-24",8,"Klarer Himmel",7,17,2017,"3","Fri",-3.09530945370167,4.68717188103515
"Neutor",105,"2017-03-25",7,"Klarer Himmel",5,9,2017,"3","Sat",-5.09530945370167,-3.31282811896485
"Neutor",229,"2017-03-25",8,"Klarer Himmel",8,11,2017,"3","Sat",-2.09530945370167,-1.31282811896485
"Neutor",57,"2017-03-26",7,"wolkig",6,9,2017,"3","Sun",-4.09530945370167,-3.31282811896485
"Neutor",70,"2017-03-26",8,"wolkig",6,9,2017,"3","Sun",-4.09530945370167,-3.31282811896485
"Neutor",717,"2017-03-27",7,"Klarer Himmel",6,7,2017,"3","Mon",-4.09530945370167,-5.31282811896485
"Neutor",821,"2017-03-27",8,"Klarer Himmel",8,7,2017,"3","Mon",-2.09530945370167,-5.31282811896485
"Neutor",816,"2017-03-28",7,"Klarer Himmel",3,4,2017,"3","Tue",-7.09530945370167,-8.31282811896485
"Neutor",896,"2017-03-28",8,"Klarer Himmel",8,6,2017,"3","Tue",-2.09530945370167,-6.31282811896485
"Neutor",703,"2017-03-29",7,"wolkig",11,15,2017,"3","Wed",0.904690546298328,2.68717188103515
"Neutor",871,"2017-03-29",8,"wolkig",11,19,2017,"3","Wed",0.904690546298328,6.68717188103515
"Neutor",691,"2017-03-30",7,"Klarer Himmel",13,9,2017,"3","Thu",2.90469054629833,-3.31282811896485
"Neutor",829,"2017-03-30",8,"Klarer Himmel",13,9,2017,"3","Thu",2.90469054629833,-3.31282811896485
"Neutor",682,"2017-03-31",7,"Klarer Himmel",11,7,2017,"3","Fri",0.904690546298328,-5.31282811896485
"Neutor",805,"2017-03-31",8,"Klarer Himmel",12,7,2017,"3","Fri",1.90469054629833,-5.31282811896485
"Neutor",94,"2017-04-01",7,"Nebel",11,4,2017,"4","Sat",0.904690546298328,-8.31282811896485
"Neutor",218,"2017-04-01",8,"",12,6,2017,"4","Sat",1.90469054629833,-6.31282811896485
"Neutor",47,"2017-04-02",7,"",11,9,2017,"4","Sun",0.904690546298328,-3.31282811896485
"Neutor",74,"2017-04-02",8,"wolkig",11,6,2017,"4","Sun",0.904690546298328,-6.31282811896485
"Neutor",722,"2017-04-03",7,"Regen",7,9,2017,"4","Mon",-3.09530945370167,-3.31282811896485
"Neutor",836,"2017-04-03",8,"wolkig",7,7,2017,"4","Mon",-3.09530945370167,-5.31282811896485
"Neutor",790,"2017-04-04",7,"Nebel",1,2,2017,"4","Tue",-9.09530945370167,-10.3128281189649
"Neutor",979,"2017-04-04",8,"teilweise bewölkt",5,2,2017,"4","Tue",-5.09530945370167,-10.3128281189649
"Neutor",780,"2017-04-05",7,"",2,4,2017,"4","Wed",-8.09530945370167,-8.31282811896485
"Neutor",978,"2017-04-05",8,"",7,6,2017,"4","Wed",-3.09530945370167,-6.31282811896485
"Neutor",617,"2017-04-06",7,"wolkig",5,9,2017,"4","Thu",-5.09530945370167,-3.31282811896485
"Neutor",878,"2017-04-06",8,"wolkig",6,9,2017,"4","Thu",-4.09530945370167,-3.31282811896485
"Neutor",606,"2017-04-07",7,"wolkig",7,13,2017,"4","Fri",-3.09530945370167,0.687171881035148
"Neutor",702,"2017-04-07",8,"wolkig",8,15,2017,"4","Fri",-2.09530945370167,2.68717188103515
"Neutor",88,"2017-04-08",7,"wolkig",9,7,2017,"4","Sat",-1.09530945370167,-5.31282811896485
"Neutor",213,"2017-04-08",8,"wolkig",9,6,2017,"4","Sat",-1.09530945370167,-6.31282811896485
"Neutor",45,"2017-04-09",7,"Nebel",1,2,2017,"4","Sun",-9.09530945370167,-10.3128281189649
"Neutor",101,"2017-04-09",8,"",6,4,2017,"4","Sun",-4.09530945370167,-8.31282811896485
"Neutor",535,"2017-04-10",7,"Klarer Himmel",10,13,2017,"4","Mon",-0.0953094537016721,0.687171881035148
"Neutor",761,"2017-04-10",8,"wolkig",11,15,2017,"4","Mon",0.904690546298328,2.68717188103515
"Neutor",524,"2017-04-11",7,"Klarer Himmel",5,9,2017,"4","Tue",-5.09530945370167,-3.31282811896485
"Neutor",727,"2017-04-11",8,"Klarer Himmel",6,13,2017,"4","Tue",-4.09530945370167,0.687171881035148
"Neutor",469,"2017-04-12",7,"Klarer Himmel",9,19,2017,"4","Wed",-1.09530945370167,6.68717188103515
"Neutor",758,"2017-04-12",8,"Klarer Himmel",9,19,2017,"4","Wed",-1.09530945370167,6.68717188103515
"Neutor",392,"2017-04-13",7,"wolkig",8,19,2017,"4","Thu",-2.09530945370167,6.68717188103515
"Neutor",571,"2017-04-13",8,"wolkig",9,20,2017,"4","Thu",-1.09530945370167,7.68717188103515
"Neutor",39,"2017-04-14",7,"Nebel",1,2,2017,"4","Fri",-9.09530945370167,-10.3128281189649
"Neutor",79,"2017-04-14",8,"",6,6,2017,"4","Fri",-4.09530945370167,-6.31282811896485
"Neutor",45,"2017-04-15",7,"Regen",8,24,2017,"4","Sat",-2.09530945370167,11.6871718810351
"Neutor",74,"2017-04-15",8,"Regen",8,24,2017,"4","Sat",-2.09530945370167,11.6871718810351
"Neutor",43,"2017-04-16",7,"wolkig",6,11,2017,"4","Sun",-4.09530945370167,-1.31282811896485
"Neutor",44,"2017-04-16",8,"wolkig",7,15,2017,"4","Sun",-3.09530945370167,2.68717188103515
"Neutor",30,"2017-04-17",7,"wolkig",5,6,2017,"4","Mon",-5.09530945370167,-6.31282811896485
"Neutor",46,"2017-04-17",8,"teilweise bewölkt",6,11,2017,"4","Mon",-4.09530945370167,-1.31282811896485
"Neutor",747,"2017-04-18",7,"teilweise bewölkt",1,7,2017,"4","Tue",-9.09530945370167,-5.31282811896485
"Neutor",893,"2017-04-18",8,"teilweise bewölkt",4,11,2017,"4","Tue",-6.09530945370167,-1.31282811896485
"Neutor",775,"2017-04-19",7,"Klarer Himmel",1,11,2017,"4","Wed",-9.09530945370167,-1.31282811896485
"Neutor",1039,"2017-04-19",8,"Klarer Himmel",3,15,2017,"4","Wed",-7.09530945370167,2.68717188103515
"Neutor",615,"2017-04-20",7,"Klarer Himmel",-1,2,2017,"4","Thu",-11.0953094537017,-10.3128281189649
"Neutor",863,"2017-04-20",8,"Klarer Himmel",3,2,2017,"4","Thu",-7.09530945370167,-10.3128281189649
"Neutor",466,"2017-04-21",7,"wolkig",8,9,2017,"4","Fri",-2.09530945370167,-3.31282811896485
"Neutor",838,"2017-04-21",8,"wolkig",9,13,2017,"4","Fri",-1.09530945370167,0.687171881035148
"Neutor",115,"2017-04-22",7,"teilweise bewölkt",6,15,2017,"4","Sat",-4.09530945370167,2.68717188103515
"Neutor",204,"2017-04-22",8,"teilweise bewölkt",7,19,2017,"4","Sat",-3.09530945370167,6.68717188103515
"Neutor",57,"2017-04-23",7,"teilweise bewölkt",5,15,2017,"4","Sun",-5.09530945370167,2.68717188103515
"Neutor",83,"2017-04-23",8,"wolkig",6,19,2017,"4","Sun",-4.09530945370167,6.68717188103515
"Neutor",886,"2017-04-24",7,"wolkig",3,15,2017,"4","Mon",-7.09530945370167,2.68717188103515
"Neutor",1087,"2017-04-24",8,"wolkig",6,20,2017,"4","Mon",-4.09530945370167,7.68717188103515
"Neutor",902,"2017-04-25",7,"wolkig",5,20,2017,"4","Tue",-5.09530945370167,7.68717188103515
"Neutor",1244,"2017-04-25",8,"teilweise bewölkt",5,19,2017,"4","Tue",-5.09530945370167,6.68717188103515
"Neutor",1062,"2017-04-26",7,"teilweise bewölkt",0,4,2017,"4","Wed",-10.0953094537017,-8.31282811896485
"Neutor",1374,"2017-04-26",8,"teilweise bewölkt",3,7,2017,"4","Wed",-7.09530945370167,-5.31282811896485
"Neutor",856,"2017-04-27",7,"Nebel",0,4,2017,"4","Thu",-10.0953094537017,-8.31282811896485
"Neutor",1063,"2017-04-27",8,"teilweise bewölkt",4,6,2017,"4","Thu",-6.09530945370167,-6.31282811896485
"Neutor",751,"2017-04-28",7,"teilweise bewölkt",4,13,2017,"4","Fri",-6.09530945370167,0.687171881035148
"Neutor",1060,"2017-04-28",8,"wolkig",5,15,2017,"4","Fri",-5.09530945370167,2.68717188103515
"Neutor",129,"2017-04-29",7,"Klarer Himmel",2,7,2017,"4","Sat",-8.09530945370167,-5.31282811896485
"Neutor",245,"2017-04-29",8,"Klarer Himmel",5,14,2017,"4","Sat",-5.09530945370167,1.68717188103515
"Neutor",30,"2017-04-30",7,"",3,11,2017,"4","Sun",-7.09530945370167,-1.31282811896485
"Neutor",65,"2017-04-30",8,"",NA,NA,2017,"4","Sun",NA,NA
"Neutor",47,"2017-05-01",7,"",7,29,2017,"5","Mon",-3.09530945370167,16.6871718810351
"Neutor",65,"2017-05-01",8,"",8,29,2017,"5","Mon",-2.09530945370167,16.6871718810351
"Neutor",697,"2017-05-02",7,"wolkig",10,9,2017,"5","Tue",-0.0953094537016721,-3.31282811896485
"Neutor",1114,"2017-05-02",8,"wolkig",10,9,2017,"5","Tue",-0.0953094537016721,-3.31282811896485
"Neutor",866,"2017-05-03",7,"wolkig",9,11,2017,"5","Wed",-1.09530945370167,-1.31282811896485
"Neutor",1308,"2017-05-03",8,"wolkig",9,13,2017,"5","Wed",-1.09530945370167,0.687171881035148
"Neutor",815,"2017-05-04",7,"wolkig",8,9,2017,"5","Thu",-2.09530945370167,-3.31282811896485
"Neutor",1135,"2017-05-04",8,"wolkig",8,13,2017,"5","Thu",-2.09530945370167,0.687171881035148
"Neutor",658,"2017-05-05",7,"wolkig",7,7,2017,"5","Fri",-3.09530945370167,-5.31282811896485
"Neutor",1011,"2017-05-05",8,"wolkig",6,7,2017,"5","Fri",-4.09530945370167,-5.31282811896485
"Neutor",155,"2017-05-06",7,"Nebel",8,11,2017,"5","Sat",-2.09530945370167,-1.31282811896485
"Neutor",287,"2017-05-06",8,"Nebel",8,14,2017,"5","Sat",-2.09530945370167,1.68717188103515
"Neutor",54,"2017-05-07",7,"",NA,NA,2017,"5","Sun",NA,NA
"Neutor",139,"2017-05-07",8,"Nebel",11,7,2017,"5","Sun",0.904690546298328,-5.31282811896485
"Neutor",714,"2017-05-08",7,"wolkig",7,13,2017,"5","Mon",-3.09530945370167,0.687171881035148
"Neutor",1060,"2017-05-08",8,"wolkig",7,11,2017,"5","Mon",-3.09530945370167,-1.31282811896485
"Neutor",908,"2017-05-09",7,"wolkig",3,2,2017,"5","Tue",-7.09530945370167,-10.3128281189649
"Neutor",1456,"2017-05-09",8,"wolkig",6,4,2017,"5","Tue",-4.09530945370167,-8.31282811896485
"Neutor",990,"2017-05-10",7,"wolkig",3,2,2017,"5","Wed",-7.09530945370167,-10.3128281189649
"Neutor",1361,"2017-05-10",8,"wolkig",6,9,2017,"5","Wed",-4.09530945370167,-3.31282811896485
"Neutor",828,"2017-05-11",7,"",5,14,2017,"5","Thu",-5.09530945370167,1.68717188103515
"Neutor",1175,"2017-05-11",8,"",7,18,2017,"5","Thu",-3.09530945370167,5.68717188103515
"Neutor",612,"2017-05-12",7,"Regen",13,4,2017,"5","Fri",2.90469054629833,-8.31282811896485
"Neutor",902,"2017-05-12",8,"Regen",14,4,2017,"5","Fri",3.90469054629833,-8.31282811896485
"Neutor",137,"2017-05-13",7,"Regen",11,7,2017,"5","Sat",0.904690546298328,-5.31282811896485
"Neutor",239,"2017-05-13",8,"Nebel",12,0,2017,"5","Sat",1.90469054629833,-12.3128281189649
"Neutor",63,"2017-05-14",7,"Nebel",10,4,2017,"5","Sun",-0.0953094537016721,-8.31282811896485
"Neutor",114,"2017-05-14",8,"Nebel",14,4,2017,"5","Sun",3.90469054629833,-8.31282811896485
"Neutor",825,"2017-05-15",7,"teilweise bewölkt",10,4,2017,"5","Mon",-0.0953094537016721,-8.31282811896485
"Neutor",1140,"2017-05-15",8,"teilweise bewölkt",13,6,2017,"5","Mon",2.90469054629833,-6.31282811896485
"Neutor",927,"2017-05-16",7,"wolkig",15,7,2017,"5","Tue",4.90469054629833,-5.31282811896485
"Neutor",1451,"2017-05-16",8,"wolkig",16,9,2017,"5","Tue",5.90469054629833,-3.31282811896485
"Neutor",1083,"2017-05-17",7,"wolkig",17,4,2017,"5","Wed",6.90469054629833,-8.31282811896485
"Neutor",1563,"2017-05-17",8,"wolkig",19,4,2017,"5","Wed",8.90469054629833,-8.31282811896485
"Neutor",915,"2017-05-18",7,"wolkig",19,9,2017,"5","Thu",8.90469054629833,-3.31282811896485
"Neutor",1309,"2017-05-18",8,"wolkig",21,13,2017,"5","Thu",10.9046905462983,0.687171881035148
"Neutor",684,"2017-05-19",7,"Nebel",15,7,2017,"5","Fri",4.90469054629833,-5.31282811896485
"Neutor",953,"2017-05-19",8,"Nebel",16,7,2017,"5","Fri",5.90469054629833,-5.31282811896485
"Neutor",187,"2017-05-20",7,"Nebel",11,11,2017,"5","Sat",0.904690546298328,-1.31282811896485
"Neutor",402,"2017-05-20",8,"",NA,NA,2017,"5","Sat",NA,NA
"Neutor",67,"2017-05-21",7,"Nebel",8,4,2017,"5","Sun",-2.09530945370167,-8.31282811896485
"Neutor",84,"2017-05-21",8,"Klarer Himmel",12,7,2017,"5","Sun",1.90469054629833,-5.31282811896485
"Neutor",887,"2017-05-22",7,"teilweise bewölkt",12,4,2017,"5","Mon",1.90469054629833,-8.31282811896485
"Neutor",1159,"2017-05-22",8,"teilweise bewölkt",15,6,2017,"5","Mon",4.90469054629833,-6.31282811896485
"Neutor",948,"2017-05-23",7,"wolkig",15,4,2017,"5","Tue",4.90469054629833,-8.31282811896485
"Neutor",1542,"2017-05-23",8,"teilweise bewölkt",18,11,2017,"5","Tue",7.90469054629833,-1.31282811896485
"Neutor",962,"2017-05-24",7,"teilweise bewölkt",12,11,2017,"5","Wed",1.90469054629833,-1.31282811896485
"Neutor",1369,"2017-05-24",8,"teilweise bewölkt",13,15,2017,"5","Wed",2.90469054629833,2.68717188103515
"Neutor",86,"2017-05-25",7,"wolkig",12,11,2017,"5","Thu",1.90469054629833,-1.31282811896485
"Neutor",130,"2017-05-25",8,"Klarer Himmel",13,11,2017,"5","Thu",2.90469054629833,-1.31282811896485
"Neutor",404,"2017-05-26",7,"Nebel",11,4,2017,"5","Fri",0.904690546298328,-8.31282811896485
"Neutor",729,"2017-05-26",8,"Nebel",11,7,2017,"5","Fri",0.904690546298328,-5.31282811896485
"Neutor",155,"2017-05-27",7,"",16,11,2017,"5","Sat",5.90469054629833,-1.31282811896485
"Neutor",275,"2017-05-27",8,"Nebel",18,11,2017,"5","Sat",7.90469054629833,-1.31282811896485
"Neutor",50,"2017-05-28",7,"",18,7,2017,"5","Sun",7.90469054629833,-5.31282811896485
"Neutor",51,"2017-05-28",8,"Regen",19,14,2017,"5","Sun",8.90469054629833,1.68717188103515
"Neutor",855,"2017-05-29",7,"wolkig",16,7,2017,"5","Mon",5.90469054629833,-5.31282811896485
"Neutor",1250,"2017-05-29",8,"wolkig",16,4,2017,"5","Mon",5.90469054629833,-8.31282811896485
"Neutor",962,"2017-05-30",7,"wolkig",19,11,2017,"5","Tue",8.90469054629833,-1.31282811896485
"Neutor",1475,"2017-05-30",8,"teilweise bewölkt",21,11,2017,"5","Tue",10.9046905462983,-1.31282811896485
"Neutor",998,"2017-05-31",7,"teilweise bewölkt",16,20,2017,"5","Wed",5.90469054629833,7.68717188103515
"Neutor",1410,"2017-05-31",8,"teilweise bewölkt",17,22,2017,"5","Wed",6.90469054629833,9.68717188103515
"Neutor",945,"2017-06-01",7,"teilweise bewölkt",12,2,2017,"6","Thu",1.90469054629833,-10.3128281189649
"Neutor",1269,"2017-06-01",8,"teilweise bewölkt",12,6,2017,"6","Thu",1.90469054629833,-6.31282811896485
"Neutor",844,"2017-06-02",7,"teilweise bewölkt",13,6,2017,"6","Fri",2.90469054629833,-6.31282811896485
"Neutor",1084,"2017-06-02",8,"teilweise bewölkt",16,7,2017,"6","Fri",5.90469054629833,-5.31282811896485
"Neutor",122,"2017-06-03",7,"Regen",16,7,2017,"6","Sat",5.90469054629833,-5.31282811896485
"Neutor",245,"2017-06-03",8,"Regen",17,7,2017,"6","Sat",6.90469054629833,-5.31282811896485
"Neutor",41,"2017-06-04",7,"Regen",14,14,2017,"6","Sun",3.90469054629833,1.68717188103515
"Neutor",83,"2017-06-04",8,"Regen",14,14,2017,"6","Sun",3.90469054629833,1.68717188103515
"Neutor",46,"2017-06-05",7,"Klarer Himmel",9,4,2017,"6","Mon",-1.09530945370167,-8.31282811896485
"Neutor",84,"2017-06-05",8,"",NA,NA,2017,"6","Mon",NA,NA
"Neutor",530,"2017-06-06",7,"wolkig",15,13,2017,"6","Tue",4.90469054629833,0.687171881035148
"Neutor",925,"2017-06-06",8,"wolkig",17,15,2017,"6","Tue",6.90469054629833,2.68717188103515
"Neutor",741,"2017-06-07",7,"Regen",12,28,2017,"6","Wed",1.90469054629833,15.6871718810351
"Neutor",945,"2017-06-07",8,"wolkig",13,30,2017,"6","Wed",2.90469054629833,17.6871718810351
"Neutor",646,"2017-06-08",7,"Regen",13,15,2017,"6","Thu",2.90469054629833,2.68717188103515
"Neutor",878,"2017-06-08",8,"Regen",13,20,2017,"6","Thu",2.90469054629833,7.68717188103515
"Neutor",668,"2017-06-09",7,"wolkig",16,7,2017,"6","Fri",5.90469054629833,-5.31282811896485
"Neutor",821,"2017-06-09",8,"wolkig",18,13,2017,"6","Fri",7.90469054629833,0.687171881035148
"Neutor",111,"2017-06-10",7,"Klarer Himmel",11,7,2017,"6","Sat",0.904690546298328,-5.31282811896485
"Neutor",379,"2017-06-10",8,"Klarer Himmel",14,11,2017,"6","Sat",3.90469054629833,-1.31282811896485
"Neutor",53,"2017-06-11",7,"",15,7,2017,"6","Sun",4.90469054629833,-5.31282811896485
"Neutor",103,"2017-06-11",8,"Nebel",18,11,2017,"6","Sun",7.90469054629833,-1.31282811896485
"Neutor",886,"2017-06-12",7,"wolkig",15,22,2017,"6","Mon",4.90469054629833,9.68717188103515
"Neutor",1199,"2017-06-12",8,"wolkig",16,26,2017,"6","Mon",5.90469054629833,13.6871718810351
"Neutor",912,"2017-06-13",7,"wolkig",15,20,2017,"6","Tue",4.90469054629833,7.68717188103515
"Neutor",1472,"2017-06-13",8,"teilweise bewölkt",16,19,2017,"6","Tue",5.90469054629833,6.68717188103515
"Neutor",1044,"2017-06-14",7,"wolkig",11,2,2017,"6","Wed",0.904690546298328,-10.3128281189649
"Neutor",1382,"2017-06-14",8,"teilweise bewölkt",14,4,2017,"6","Wed",3.90469054629833,-8.31282811896485
"Neutor",93,"2017-06-15",7,"wolkig",15,11,2017,"6","Thu",4.90469054629833,-1.31282811896485
"Neutor",185,"2017-06-15",8,"wolkig",17,9,2017,"6","Thu",6.90469054629833,-3.31282811896485
"Neutor",495,"2017-06-16",7,"wolkig",16,17,2017,"6","Fri",5.90469054629833,4.68717188103515
"Neutor",758,"2017-06-16",8,"wolkig",17,19,2017,"6","Fri",6.90469054629833,6.68717188103515
"Neutor",187,"2017-06-17",7,"wolkig",13,14,2017,"6","Sat",2.90469054629833,1.68717188103515
"Neutor",357,"2017-06-17",8,"",14,14,2017,"6","Sat",3.90469054629833,1.68717188103515
"Neutor",53,"2017-06-18",7,"Nebel",13,4,2017,"6","Sun",2.90469054629833,-8.31282811896485
"Neutor",79,"2017-06-18",8,"Klarer Himmel",17,4,2017,"6","Sun",6.90469054629833,-8.31282811896485
"Neutor",959,"2017-06-19",7,"",19,4,2017,"6","Mon",8.90469054629833,-8.31282811896485
"Neutor",1217,"2017-06-19",8,"teilweise bewölkt",22,2,2017,"6","Mon",11.9046905462983,-10.3128281189649
"Neutor",986,"2017-06-20",7,"wolkig",19,6,2017,"6","Tue",8.90469054629833,-6.31282811896485
"Neutor",1604,"2017-06-20",8,"wolkig",20,6,2017,"6","Tue",9.90469054629833,-6.31282811896485
"Neutor",1047,"2017-06-21",7,"wolkig",14,11,2017,"6","Wed",3.90469054629833,-1.31282811896485
"Neutor",1403,"2017-06-21",8,"wolkig",15,13,2017,"6","Wed",4.90469054629833,0.687171881035148
"Neutor",905,"2017-06-22",7,"teilweise bewölkt",17,6,2017,"6","Thu",6.90469054629833,-6.31282811896485
"Neutor",1300,"2017-06-22",8,"teilweise bewölkt",21,7,2017,"6","Thu",10.9046905462983,-5.31282811896485
"Neutor",864,"2017-06-23",7,"wolkig",18,19,2017,"6","Fri",7.90469054629833,6.68717188103515
"Neutor",1073,"2017-06-23",8,"teilweise bewölkt",18,20,2017,"6","Fri",7.90469054629833,7.68717188103515
"Neutor",132,"2017-06-24",7,"",NA,NA,2017,"6","Sat",NA,NA
"Neutor",269,"2017-06-24",8,"",NA,NA,2017,"6","Sat",NA,NA
"Neutor",65,"2017-06-25",7,"Regen",17,18,2017,"6","Sun",6.90469054629833,5.68717188103515
"Neutor",78,"2017-06-25",8,"",NA,NA,2017,"6","Sun",NA,NA
"Neutor",819,"2017-06-26",7,"wolkig",14,11,2017,"6","Mon",3.90469054629833,-1.31282811896485
"Neutor",1160,"2017-06-26",8,"teilweise bewölkt",15,11,2017,"6","Mon",4.90469054629833,-1.31282811896485
"Neutor",836,"2017-06-27",7,"wolkig",12,7,2017,"6","Tue",1.90469054629833,-5.31282811896485
"Neutor",1481,"2017-06-27",8,"wolkig",14,15,2017,"6","Tue",3.90469054629833,2.68717188103515
"Neutor",862,"2017-06-28",7,"wolkig",16,17,2017,"6","Wed",5.90469054629833,4.68717188103515
"Neutor",1144,"2017-06-28",8,"Regen",16,15,2017,"6","Wed",5.90469054629833,2.68717188103515
"Neutor",762,"2017-06-29",7,"Nebel",16,2,2017,"6","Thu",5.90469054629833,-10.3128281189649
"Neutor",1098,"2017-06-29",8,"wolkig",16,4,2017,"6","Thu",5.90469054629833,-8.31282811896485
"Neutor",747,"2017-06-30",7,"wolkig",16,7,2017,"6","Fri",5.90469054629833,-5.31282811896485
"Neutor",1180,"2017-06-30",8,"wolkig",17,15,2017,"6","Fri",6.90469054629833,2.68717188103515
"Neutor",113,"2017-07-01",7,"",NA,NA,2017,"7","Sat",NA,NA
"Neutor",179,"2017-07-01",8,"Regen",15,14,2017,"7","Sat",4.90469054629833,1.68717188103515
"Neutor",52,"2017-07-02",7,"wolkig",14,14,2017,"7","Sun",3.90469054629833,1.68717188103515
"Neutor",63,"2017-07-02",8,"Regen",15,14,2017,"7","Sun",4.90469054629833,1.68717188103515
"Neutor",765,"2017-07-03",7,"teilweise bewölkt",12,11,2017,"7","Mon",1.90469054629833,-1.31282811896485
"Neutor",1129,"2017-07-03",8,"teilweise bewölkt",14,11,2017,"7","Mon",3.90469054629833,-1.31282811896485
"Neutor",844,"2017-07-04",7,"wolkig",14,6,2017,"7","Tue",3.90469054629833,-6.31282811896485
"Neutor",1355,"2017-07-04",8,"wolkig",15,6,2017,"7","Tue",4.90469054629833,-6.31282811896485
"Neutor",955,"2017-07-05",7,"wolkig",14,9,2017,"7","Wed",3.90469054629833,-3.31282811896485
"Neutor",1372,"2017-07-05",8,"wolkig",14,11,2017,"7","Wed",3.90469054629833,-1.31282811896485
"Neutor",889,"2017-07-06",7,"wolkig",15,4,2017,"7","Thu",4.90469054629833,-8.31282811896485
"Neutor",1281,"2017-07-06",8,"wolkig",16,6,2017,"7","Thu",5.90469054629833,-6.31282811896485
"Neutor",765,"2017-07-07",7,"wolkig",19,4,2017,"7","Fri",8.90469054629833,-8.31282811896485
"Neutor",1120,"2017-07-07",8,"teilweise bewölkt",21,15,2017,"7","Fri",10.9046905462983,2.68717188103515
"Neutor",146,"2017-07-08",7,"Nebel",17,7,2017,"7","Sat",6.90469054629833,-5.31282811896485
"Neutor",296,"2017-07-08",8,"Regen",17,7,2017,"7","Sat",6.90469054629833,-5.31282811896485
"Neutor",54,"2017-07-09",7,"wolkig",14,7,2017,"7","Sun",3.90469054629833,-5.31282811896485
"Neutor",87,"2017-07-09",8,"wolkig",14,7,2017,"7","Sun",3.90469054629833,-5.31282811896485
"Neutor",627,"2017-07-10",7,"wolkig",16,4,2017,"7","Mon",5.90469054629833,-8.31282811896485
"Neutor",530,"2017-07-10",8,"Regen",16,4,2017,"7","Mon",5.90469054629833,-8.31282811896485
"Neutor",502,"2017-07-11",7,"wolkig",17,9,2017,"7","Tue",6.90469054629833,-3.31282811896485
"Neutor",911,"2017-07-11",8,"wolkig",17,15,2017,"7","Tue",6.90469054629833,2.68717188103515
"Neutor",664,"2017-07-12",7,"Regen",15,7,2017,"7","Wed",4.90469054629833,-5.31282811896485
"Neutor",1224,"2017-07-12",8,"Regen",15,2,2017,"7","Wed",4.90469054629833,-10.3128281189649
"Neutor",727,"2017-07-13",7,"wolkig",12,7,2017,"7","Thu",1.90469054629833,-5.31282811896485
"Neutor",1220,"2017-07-13",8,"wolkig",13,11,2017,"7","Thu",2.90469054629833,-1.31282811896485
"Neutor",728,"2017-07-14",7,"wolkig",13,6,2017,"7","Fri",2.90469054629833,-6.31282811896485
"Neutor",1080,"2017-07-14",8,"wolkig",14,6,2017,"7","Fri",3.90469054629833,-6.31282811896485
"Neutor",120,"2017-07-15",7,"",14,11,2017,"7","Sat",3.90469054629833,-1.31282811896485
"Neutor",218,"2017-07-15",8,"Klarer Himmel",14,14,2017,"7","Sat",3.90469054629833,1.68717188103515
"Neutor",36,"2017-07-16",7,"wolkig",15,11,2017,"7","Sun",4.90469054629833,-1.31282811896485
"Neutor",69,"2017-07-16",8,"Regen",16,11,2017,"7","Sun",5.90469054629833,-1.31282811896485
"Neutor",588,"2017-07-17",7,"teilweise bewölkt",15,6,2017,"7","Mon",4.90469054629833,-6.31282811896485
"Neutor",989,"2017-07-17",8,"teilweise bewölkt",16,9,2017,"7","Mon",5.90469054629833,-3.31282811896485
"Neutor",696,"2017-07-18",7,"teilweise bewölkt",14,4,2017,"7","Tue",3.90469054629833,-8.31282811896485
"Neutor",1219,"2017-07-18",8,"teilweise bewölkt",16,7,2017,"7","Tue",5.90469054629833,-5.31282811896485
"Neutor",737,"2017-07-19",7,"wolkig",17,13,2017,"7","Wed",6.90469054629833,0.687171881035148
"Neutor",1172,"2017-07-19",8,"wolkig",18,17,2017,"7","Wed",7.90469054629833,4.68717188103515
"Neutor",297,"2017-07-20",7,"wolkig",18,4,2017,"7","Thu",7.90469054629833,-8.31282811896485
"Neutor",497,"2017-07-20",8,"Regen",19,9,2017,"7","Thu",8.90469054629833,-3.31282811896485
"Neutor",511,"2017-07-21",7,"wolkig",15,4,2017,"7","Fri",4.90469054629833,-8.31282811896485
"Neutor",965,"2017-07-21",8,"wolkig",17,6,2017,"7","Fri",6.90469054629833,-6.31282811896485
"Neutor",83,"2017-07-22",7,"Regen",17,11,2017,"7","Sat",6.90469054629833,-1.31282811896485
"Neutor",160,"2017-07-22",8,"Regen",17,7,2017,"7","Sat",6.90469054629833,-5.31282811896485
"Neutor",43,"2017-07-23",7,"Regen",16,14,2017,"7","Sun",5.90469054629833,1.68717188103515
"Neutor",89,"2017-07-23",8,"Regen",17,18,2017,"7","Sun",6.90469054629833,5.68717188103515
"Neutor",394,"2017-07-24",7,"Regen",14,4,2017,"7","Mon",3.90469054629833,-8.31282811896485
"Neutor",628,"2017-07-24",8,"Regen",15,7,2017,"7","Mon",4.90469054629833,-5.31282811896485
"Neutor",431,"2017-07-25",7,"Regen",14,7,2017,"7","Tue",3.90469054629833,-5.31282811896485
"Neutor",669,"2017-07-25",8,"Regen",14,11,2017,"7","Tue",3.90469054629833,-1.31282811896485
"Neutor",532,"2017-07-26",7,"wolkig",15,9,2017,"7","Wed",4.90469054629833,-3.31282811896485
"Neutor",855,"2017-07-26",8,"wolkig",16,11,2017,"7","Wed",5.90469054629833,-1.31282811896485
"Neutor",523,"2017-07-27",7,"wolkig",17,11,2017,"7","Thu",6.90469054629833,-1.31282811896485
"Neutor",781,"2017-07-27",8,"wolkig",18,15,2017,"7","Thu",7.90469054629833,2.68717188103515
"Neutor",498,"2017-07-28",7,"teilweise bewölkt",14,11,2017,"7","Fri",3.90469054629833,-1.31282811896485
"Neutor",699,"2017-07-28",8,"teilweise bewölkt",15,17,2017,"7","Fri",4.90469054629833,4.68717188103515
"Neutor",112,"2017-07-29",7,"Regen",17,14,2017,"7","Sat",6.90469054629833,1.68717188103515
"Neutor",257,"2017-07-29",8,"Klarer Himmel",18,14,2017,"7","Sat",7.90469054629833,1.68717188103515
"Neutor",35,"2017-07-30",7,"wolkig",18,11,2017,"7","Sun",7.90469054629833,-1.31282811896485
"Neutor",67,"2017-07-30",8,"",NA,NA,2017,"7","Sun",NA,NA
"Neutor",498,"2017-07-31",7,"teilweise bewölkt",16,6,2017,"7","Mon",5.90469054629833,-6.31282811896485
"Neutor",802,"2017-07-31",8,"teilweise bewölkt",18,9,2017,"7","Mon",7.90469054629833,-3.31282811896485
"Neutor",610,"2017-08-01",7,"wolkig",17,6,2017,"8","Tue",6.90469054629833,-6.31282811896485
"Neutor",782,"2017-08-01",8,"wolkig",17,4,2017,"8","Tue",6.90469054629833,-8.31282811896485
"Neutor",574,"2017-08-02",7,"wolkig",15,6,2017,"8","Wed",4.90469054629833,-6.31282811896485
"Neutor",796,"2017-08-02",8,"wolkig",16,4,2017,"8","Wed",5.90469054629833,-8.31282811896485
"Neutor",490,"2017-08-03",7,"wolkig",17,9,2017,"8","Thu",6.90469054629833,-3.31282811896485
"Neutor",671,"2017-08-03",8,"wolkig",18,9,2017,"8","Thu",7.90469054629833,-3.31282811896485
"Neutor",474,"2017-08-04",7,"wolkig",16,15,2017,"8","Fri",5.90469054629833,2.68717188103515
"Neutor",629,"2017-08-04",8,"wolkig",17,22,2017,"8","Fri",6.90469054629833,9.68717188103515
"Neutor",94,"2017-08-05",7,"",13,7,2017,"8","Sat",2.90469054629833,-5.31282811896485
"Neutor",212,"2017-08-05",8,"wolkig",16,7,2017,"8","Sat",5.90469054629833,-5.31282811896485
"Neutor",27,"2017-08-06",7,"",NA,NA,2017,"8","Sun",NA,NA
"Neutor",69,"2017-08-06",8,"",13,7,2017,"8","Sun",2.90469054629833,-5.31282811896485
"Neutor",508,"2017-08-07",7,"teilweise bewölkt",12,0,2017,"8","Mon",1.90469054629833,-12.3128281189649
"Neutor",802,"2017-08-07",8,"wolkig",14,7,2017,"8","Mon",3.90469054629833,-5.31282811896485
"Neutor",487,"2017-08-08",7,"wolkig",12,0,2017,"8","Tue",1.90469054629833,-12.3128281189649
"Neutor",722,"2017-08-08",8,"wolkig",14,2,2017,"8","Tue",3.90469054629833,-10.3128281189649
"Neutor",469,"2017-08-09",7,"teilweise bewölkt",13,11,2017,"8","Wed",2.90469054629833,-1.31282811896485
"Neutor",651,"2017-08-09",8,"wolkig",15,15,2017,"8","Wed",4.90469054629833,2.68717188103515
"Neutor",450,"2017-08-10",7,"teilweise bewölkt",13,0,2017,"8","Thu",2.90469054629833,-12.3128281189649
"Neutor",699,"2017-08-10",8,"teilweise bewölkt",14,2,2017,"8","Thu",3.90469054629833,-10.3128281189649
"Neutor",370,"2017-08-11",7,"Regen",14,7,2017,"8","Fri",3.90469054629833,-5.31282811896485
"Neutor",588,"2017-08-11",8,"Regen",13,7,2017,"8","Fri",2.90469054629833,-5.31282811896485
"Neutor",110,"2017-08-12",7,"",NA,NA,2017,"8","Sat",NA,NA
"Neutor",169,"2017-08-12",8,"Regen",14,14,2017,"8","Sat",3.90469054629833,1.68717188103515
"Neutor",59,"2017-08-13",7,"Nebel",10,4,2017,"8","Sun",-0.0953094537016721,-8.31282811896485
"Neutor",72,"2017-08-13",8,"Nebel",14,4,2017,"8","Sun",3.90469054629833,-8.31282811896485
"Neutor",508,"2017-08-14",7,"teilweise bewölkt",10,7,2017,"8","Mon",-0.0953094537016721,-5.31282811896485
"Neutor",724,"2017-08-14",8,"wolkig",13,11,2017,"8","Mon",2.90469054629833,-1.31282811896485
"Neutor",469,"2017-08-15",7,"wolkig",16,7,2017,"8","Tue",5.90469054629833,-5.31282811896485
"Neutor",765,"2017-08-15",8,"wolkig",19,7,2017,"8","Tue",8.90469054629833,-5.31282811896485
"Neutor",518,"2017-08-16",7,"wolkig",16,6,2017,"8","Wed",5.90469054629833,-6.31282811896485
"Neutor",767,"2017-08-16",8,"wolkig",16,9,2017,"8","Wed",5.90469054629833,-3.31282811896485
"Neutor",467,"2017-08-17",7,"wolkig",15,7,2017,"8","Thu",4.90469054629833,-5.31282811896485
"Neutor",692,"2017-08-17",8,"wolkig",17,9,2017,"8","Thu",6.90469054629833,-3.31282811896485
"Neutor",383,"2017-08-18",7,"wolkig",17,6,2017,"8","Fri",6.90469054629833,-6.31282811896485
"Neutor",493,"2017-08-18",8,"wolkig",18,11,2017,"8","Fri",7.90469054629833,-1.31282811896485
"Neutor",139,"2017-08-19",7,"",12,18,2017,"8","Sat",1.90469054629833,5.68717188103515
"Neutor",221,"2017-08-19",8,"",13,22,2017,"8","Sat",2.90469054629833,9.68717188103515
"Neutor",39,"2017-08-20",7,"",12,14,2017,"8","Sun",1.90469054629833,1.68717188103515
"Neutor",57,"2017-08-20",8,"",NA,NA,2017,"8","Sun",NA,NA
"Neutor",472,"2017-08-21",7,"wolkig",11,6,2017,"8","Mon",0.904690546298328,-6.31282811896485
"Neutor",643,"2017-08-21",8,"wolkig",13,7,2017,"8","Mon",2.90469054629833,-5.31282811896485
"Neutor",534,"2017-08-22",7,"Nebel",9,0,2017,"8","Tue",-1.09530945370167,-12.3128281189649
"Neutor",706,"2017-08-22",8,"wolkig",13,0,2017,"8","Tue",2.90469054629833,-12.3128281189649
"Neutor",532,"2017-08-23",7,"Nebel",8,0,2017,"8","Wed",-2.09530945370167,-12.3128281189649
"Neutor",763,"2017-08-23",8,"Nebel",12,7,2017,"8","Wed",1.90469054629833,-5.31282811896485
"Neutor",519,"2017-08-24",7,"wolkig",18,13,2017,"8","Thu",7.90469054629833,0.687171881035148
"Neutor",684,"2017-08-24",8,"wolkig",19,17,2017,"8","Thu",8.90469054629833,4.68717188103515
"Neutor",451,"2017-08-25",7,"Nebel",12,4,2017,"8","Fri",1.90469054629833,-8.31282811896485
"Neutor",646,"2017-08-25",8,"wolkig",13,6,2017,"8","Fri",2.90469054629833,-6.31282811896485
"Neutor",127,"2017-08-26",7,"",15,7,2017,"8","Sat",4.90469054629833,-5.31282811896485
"Neutor",170,"2017-08-26",8,"wolkig",15,7,2017,"8","Sat",4.90469054629833,-5.31282811896485
"Neutor",67,"2017-08-27",7,"Nebel",14,11,2017,"8","Sun",3.90469054629833,-1.31282811896485
"Neutor",71,"2017-08-27",8,"Nebel",14,11,2017,"8","Sun",3.90469054629833,-1.31282811896485
"Neutor",601,"2017-08-28",7,"Nebel",11,2,2017,"8","Mon",0.904690546298328,-10.3128281189649
"Neutor",862,"2017-08-28",8,"teilweise bewölkt",13,6,2017,"8","Mon",2.90469054629833,-6.31282811896485
"Neutor",586,"2017-08-29",7,"Nebel",12,2,2017,"8","Tue",1.90469054629833,-10.3128281189649
"Neutor",895,"2017-08-29",8,"teilweise bewölkt",15,4,2017,"8","Tue",4.90469054629833,-8.31282811896485
"Neutor",771,"2017-08-30",7,"wolkig",18,2,2017,"8","Wed",7.90469054629833,-10.3128281189649
"Neutor",883,"2017-08-30",8,"wolkig",19,4,2017,"8","Wed",8.90469054629833,-8.31282811896485
"Neutor",723,"2017-08-31",7,"Regen",15,19,2017,"8","Thu",4.90469054629833,6.68717188103515
"Neutor",626,"2017-08-31",8,"Regen",15,11,2017,"8","Thu",4.90469054629833,-1.31282811896485
"Neutor",772,"2017-09-01",7,"Nebel",7,2,2017,"9","Fri",-3.09530945370167,-10.3128281189649
"Neutor",696,"2017-09-01",8,"teilweise bewölkt",11,2,2017,"9","Fri",0.904690546298328,-10.3128281189649
"Neutor",124,"2017-09-02",7,"Nebel",10,7,2017,"9","Sat",-0.0953094537016721,-5.31282811896485
"Neutor",208,"2017-09-02",8,"Nebel",10,4,2017,"9","Sat",-0.0953094537016721,-8.31282811896485
"Neutor",33,"2017-09-03",7,"Nebel",6,4,2017,"9","Sun",-4.09530945370167,-8.31282811896485
"Neutor",87,"2017-09-03",8,"Nebel",7,4,2017,"9","Sun",-3.09530945370167,-8.31282811896485
"Neutor",838,"2017-09-04",7,"Nebel",6,0,2017,"9","Mon",-4.09530945370167,-12.3128281189649
"Neutor",767,"2017-09-04",8,"teilweise bewölkt",10,0,2017,"9","Mon",-0.0953094537016721,-12.3128281189649
"Neutor",879,"2017-09-05",7,"teilweise bewölkt",10,4,2017,"9","Tue",-0.0953094537016721,-8.31282811896485
"Neutor",869,"2017-09-05",8,"wolkig",13,6,2017,"9","Tue",2.90469054629833,-6.31282811896485
"Neutor",779,"2017-09-06",7,"wolkig",16,6,2017,"9","Wed",5.90469054629833,-6.31282811896485
"Neutor",857,"2017-09-06",8,"wolkig",17,11,2017,"9","Wed",6.90469054629833,-1.31282811896485
"Neutor",750,"2017-09-07",7,"wolkig",13,17,2017,"9","Thu",2.90469054629833,4.68717188103515
"Neutor",772,"2017-09-07",8,"wolkig",13,11,2017,"9","Thu",2.90469054629833,-1.31282811896485
"Neutor",526,"2017-09-08",7,"Regen",13,19,2017,"9","Fri",2.90469054629833,6.68717188103515
"Neutor",577,"2017-09-08",8,"Regen",13,20,2017,"9","Fri",2.90469054629833,7.68717188103515
"Neutor",82,"2017-09-09",7,"Regen",13,11,2017,"9","Sat",2.90469054629833,-1.31282811896485
"Neutor",94,"2017-09-09",8,"Regen",13,11,2017,"9","Sat",2.90469054629833,-1.31282811896485
"Neutor",84,"2017-09-10",7,"Nebel",8,7,2017,"9","Sun",-2.09530945370167,-5.31282811896485
"Neutor",410,"2017-09-10",8,"",NA,NA,2017,"9","Sun",NA,NA
"Neutor",730,"2017-09-11",7,"wolkig",13,17,2017,"9","Mon",2.90469054629833,4.68717188103515
"Neutor",769,"2017-09-11",8,"wolkig",14,20,2017,"9","Mon",3.90469054629833,7.68717188103515
"Neutor",703,"2017-09-12",7,"wolkig",13,20,2017,"9","Tue",2.90469054629833,7.68717188103515
"Neutor",795,"2017-09-12",8,"wolkig",14,24,2017,"9","Tue",3.90469054629833,11.6871718810351
"Neutor",443,"2017-09-13",7,"Regen",12,33,2017,"9","Wed",1.90469054629833,20.6871718810351
"Neutor",633,"2017-09-13",8,"Regen",12,30,2017,"9","Wed",1.90469054629833,17.6871718810351
"Neutor",671,"2017-09-14",7,"teilweise bewölkt",10,19,2017,"9","Thu",-0.0953094537016721,6.68717188103515
"Neutor",700,"2017-09-14",8,"teilweise bewölkt",11,20,2017,"9","Thu",0.904690546298328,7.68717188103515
"Neutor",562,"2017-09-15",7,"teilweise bewölkt",10,15,2017,"9","Fri",-0.0953094537016721,2.68717188103515
"Neutor",621,"2017-09-15",8,"teilweise bewölkt",11,17,2017,"9","Fri",0.904690546298328,4.68717188103515
"Neutor",139,"2017-09-16",7,"Nebel",8,14,2017,"9","Sat",-2.09530945370167,1.68717188103515
"Neutor",237,"2017-09-16",8,"Nebel",9,14,2017,"9","Sat",-1.09530945370167,1.68717188103515
"Neutor",47,"2017-09-17",7,"",NA,NA,2017,"9","Sun",NA,NA
"Neutor",65,"2017-09-17",8,"",NA,NA,2017,"9","Sun",NA,NA
"Neutor",493,"2017-09-18",7,"Nebel",6,4,2017,"9","Mon",-4.09530945370167,-8.31282811896485
"Neutor",672,"2017-09-18",8,"Nebel",8,6,2017,"9","Mon",-2.09530945370167,-6.31282811896485
"Neutor",668,"2017-09-19",7,"Nebel",10,0,2017,"9","Tue",-0.0953094537016721,-12.3128281189649
"Neutor",713,"2017-09-19",8,"wolkig",10,2,2017,"9","Tue",-0.0953094537016721,-10.3128281189649
"Neutor",688,"2017-09-20",7,"wolkig",11,6,2017,"9","Wed",0.904690546298328,-6.31282811896485
"Neutor",757,"2017-09-20",8,"wolkig",11,9,2017,"9","Wed",0.904690546298328,-3.31282811896485
"Neutor",644,"2017-09-21",7,"Nebel",9,6,2017,"9","Thu",-1.09530945370167,-6.31282811896485
"Neutor",769,"2017-09-21",8,"wolkig",11,9,2017,"9","Thu",0.904690546298328,-3.31282811896485
"Neutor",649,"2017-09-22",7,"Nebel",7,0,2017,"9","Fri",-3.09530945370167,-12.3128281189649
"Neutor",684,"2017-09-22",8,"Nebel",8,0,2017,"9","Fri",-2.09530945370167,-12.3128281189649
"Neutor",69,"2017-09-23",7,"Nebel",13,11,2017,"9","Sat",2.90469054629833,-1.31282811896485
"Neutor",183,"2017-09-23",8,"Nebel",12,7,2017,"9","Sat",1.90469054629833,-5.31282811896485
"Neutor",51,"2017-09-24",7,"Nebel",10,4,2017,"9","Sun",-0.0953094537016721,-8.31282811896485
"Neutor",99,"2017-09-24",8,"Nebel",11,4,2017,"9","Sun",0.904690546298328,-8.31282811896485
"Neutor",760,"2017-09-25",7,"wolkig",13,6,2017,"9","Mon",2.90469054629833,-6.31282811896485
"Neutor",803,"2017-09-25",8,"wolkig",13,4,2017,"9","Mon",2.90469054629833,-8.31282811896485
"Neutor",723,"2017-09-26",7,"wolkig",13,9,2017,"9","Tue",2.90469054629833,-3.31282811896485
"Neutor",823,"2017-09-26",8,"wolkig",13,9,2017,"9","Tue",2.90469054629833,-3.31282811896485
"Neutor",714,"2017-09-27",7,"wolkig",13,11,2017,"9","Wed",2.90469054629833,-1.31282811896485
"Neutor",834,"2017-09-27",8,"wolkig",13,9,2017,"9","Wed",2.90469054629833,-3.31282811896485
"Neutor",698,"2017-09-28",7,"Nebel",9,7,2017,"9","Thu",-1.09530945370167,-5.31282811896485
"Neutor",712,"2017-09-28",8,"Nebel",10,4,2017,"9","Thu",-0.0953094537016721,-8.31282811896485
"Neutor",576,"2017-09-29",7,"Nebel",12,2,2017,"9","Fri",1.90469054629833,-10.3128281189649
"Neutor",656,"2017-09-29",8,"Nebel",13,2,2017,"9","Fri",2.90469054629833,-10.3128281189649
"Neutor",77,"2017-09-30",7,"Regen",15,4,2017,"9","Sat",4.90469054629833,-8.31282811896485
"Neutor",185,"2017-09-30",8,"Regen",15,4,2017,"9","Sat",4.90469054629833,-8.31282811896485
"Neutor",38,"2017-10-01",7,"Nebel",7,7,2017,"10","Sun",-3.09530945370167,-5.31282811896485
"Neutor",83,"2017-10-01",8,"Nebel",8,11,2017,"10","Sun",-2.09530945370167,-1.31282811896485
"Neutor",404,"2017-10-02",7,"Regen",12,25,2017,"10","Mon",1.90469054629833,12.6871718810351
"Neutor",712,"2017-10-02",8,"Regen",12,22,2017,"10","Mon",1.90469054629833,9.68717188103515
"Neutor",258,"2017-10-03",7,"",11,14,2017,"10","Tue",0.904690546298328,1.68717188103515
"Neutor",273,"2017-10-03",8,"",11,18,2017,"10","Tue",0.904690546298328,5.68717188103515
"Neutor",728,"2017-10-04",7,"wolkig",11,20,2017,"10","Wed",0.904690546298328,7.68717188103515
"Neutor",943,"2017-10-04",8,"wolkig",11,20,2017,"10","Wed",0.904690546298328,7.68717188103515
"Neutor",451,"2017-10-05",7,"Regen",11,30,2017,"10","Thu",0.904690546298328,17.6871718810351
"Neutor",683,"2017-10-05",8,"Regen",12,32,2017,"10","Thu",1.90469054629833,19.6871718810351
"Neutor",578,"2017-10-06",7,"wolkig",9,22,2017,"10","Fri",-1.09530945370167,9.68717188103515
"Neutor",680,"2017-10-06",8,"Regen",10,26,2017,"10","Fri",-0.0953094537016721,13.6871718810351
"Neutor",80,"2017-10-07",7,"Regen",10,18,2017,"10","Sat",-0.0953094537016721,5.68717188103515
"Neutor",214,"2017-10-07",8,"Klarer Himmel",10,22,2017,"10","Sat",-0.0953094537016721,9.68717188103515
"Neutor",30,"2017-10-08",7,"Regen",12,18,2017,"10","Sun",1.90469054629833,5.68717188103515
"Neutor",63,"2017-10-08",8,"",NA,NA,2017,"10","Sun",NA,NA
"Neutor",846,"2017-10-09",7,"wolkig",5,4,2017,"10","Mon",-5.09530945370167,-8.31282811896485
"Neutor",1056,"2017-10-09",8,"wolkig",5,2,2017,"10","Mon",-5.09530945370167,-10.3128281189649
"Neutor",985,"2017-10-10",7,"wolkig",12,9,2017,"10","Tue",1.90469054629833,-3.31282811896485
"Neutor",1274,"2017-10-10",8,"wolkig",12,9,2017,"10","Tue",1.90469054629833,-3.31282811896485
"Neutor",958,"2017-10-11",7,"wolkig",13,20,2017,"10","Wed",2.90469054629833,7.68717188103515
"Neutor",1267,"2017-10-11",8,"wolkig",14,20,2017,"10","Wed",3.90469054629833,7.68717188103515
"Neutor",889,"2017-10-12",7,"wolkig",13,26,2017,"10","Thu",2.90469054629833,13.6871718810351
"Neutor",1242,"2017-10-12",8,"teilweise bewölkt",13,26,2017,"10","Thu",2.90469054629833,13.6871718810351
"Neutor",804,"2017-10-13",7,"wolkig",9,7,2017,"10","Fri",-1.09530945370167,-5.31282811896485
"Neutor",982,"2017-10-13",8,"Klarer Himmel",9,11,2017,"10","Fri",-1.09530945370167,-1.31282811896485
"Neutor",114,"2017-10-14",7,"Nebel",16,22,2017,"10","Sat",5.90469054629833,9.68717188103515
"Neutor",210,"2017-10-14",8,"Nebel",15,22,2017,"10","Sat",4.90469054629833,9.68717188103515
"Neutor",54,"2017-10-15",7,"Nebel",10,4,2017,"10","Sun",-0.0953094537016721,-8.31282811896485
"Neutor",87,"2017-10-15",8,"Nebel",9,4,2017,"10","Sun",-1.09530945370167,-8.31282811896485
"Neutor",1029,"2017-10-16",7,"teilweise bewölkt",11,7,2017,"10","Mon",0.904690546298328,-5.31282811896485
"Neutor",1320,"2017-10-16",8,"teilweise bewölkt",12,11,2017,"10","Mon",1.90469054629833,-1.31282811896485
"Neutor",1086,"2017-10-17",7,"wolkig",14,11,2017,"10","Tue",3.90469054629833,-1.31282811896485
"Neutor",1653,"2017-10-17",8,"wolkig",13,11,2017,"10","Tue",2.90469054629833,-1.31282811896485
"Neutor",1063,"2017-10-18",7,"Nebel",9,2,2017,"10","Wed",-1.09530945370167,-10.3128281189649
"Neutor",1554,"2017-10-18",8,"wolkig",10,6,2017,"10","Wed",-0.0953094537016721,-6.31282811896485
"Neutor",944,"2017-10-19",7,"Nebel",8,2,2017,"10","Thu",-2.09530945370167,-10.3128281189649
"Neutor",1471,"2017-10-19",8,"Nebel",7,2,2017,"10","Thu",-3.09530945370167,-10.3128281189649
"Neutor",753,"2017-10-20",7,"wolkig",13,7,2017,"10","Fri",2.90469054629833,-5.31282811896485
"Neutor",860,"2017-10-20",8,"wolkig",13,6,2017,"10","Fri",2.90469054629833,-6.31282811896485
"Neutor",117,"2017-10-21",7,"wolkig",10,11,2017,"10","Sat",-0.0953094537016721,-1.31282811896485
"Neutor",220,"2017-10-21",8,"",NA,NA,2017,"10","Sat",NA,NA
"Neutor",46,"2017-10-22",7,"",NA,NA,2017,"10","Sun",NA,NA
"Neutor",52,"2017-10-22",8,"",NA,NA,2017,"10","Sun",NA,NA
"Neutor",640,"2017-10-23",7,"Regen",10,20,2017,"10","Mon",-0.0953094537016721,7.68717188103515
"Neutor",1124,"2017-10-23",8,"wolkig",11,24,2017,"10","Mon",0.904690546298328,11.6871718810351
"Neutor",745,"2017-10-24",7,"wolkig",11,7,2017,"10","Tue",0.904690546298328,-5.31282811896485
"Neutor",1401,"2017-10-24",8,"Regen",11,13,2017,"10","Tue",0.904690546298328,0.687171881035148
"Neutor",694,"2017-10-25",7,"wolkig",15,17,2017,"10","Wed",4.90469054629833,4.68717188103515
"Neutor",1315,"2017-10-25",8,"wolkig",15,17,2017,"10","Wed",4.90469054629833,4.68717188103515
"Neutor",623,"2017-10-26",7,"wolkig",12,15,2017,"10","Thu",1.90469054629833,2.68717188103515
"Neutor",1286,"2017-10-26",8,"wolkig",12,13,2017,"10","Thu",1.90469054629833,0.687171881035148
"Neutor",552,"2017-10-27",7,"teilweise bewölkt",10,15,2017,"10","Fri",-0.0953094537016721,2.68717188103515
"Neutor",1053,"2017-10-27",8,"teilweise bewölkt",9,15,2017,"10","Fri",-1.09530945370167,2.68717188103515
"Neutor",85,"2017-10-28",7,"wolkig",10,25,2017,"10","Sat",-0.0953094537016721,12.6871718810351
"Neutor",163,"2017-10-28",8,"",NA,NA,2017,"10","Sat",NA,NA
"Neutor",36,"2017-10-29",7,"Regen",10,40,2017,"10","Sun",-0.0953094537016721,27.6871718810351
"Neutor",69,"2017-10-29",8,"Regen",10,40,2017,"10","Sun",-0.0953094537016721,27.6871718810351
"Neutor",392,"2017-10-30",7,"",NA,NA,2017,"10","Mon",NA,NA
"Neutor",599,"2017-10-30",8,"",6,14,2017,"10","Mon",-4.09530945370167,1.68717188103515
"Neutor",40,"2017-10-31",7,"wolkig",4,11,2017,"10","Tue",-6.09530945370167,-1.31282811896485
"Neutor",75,"2017-10-31",8,"wolkig",6,11,2017,"10","Tue",-4.09530945370167,-1.31282811896485
"Neutor",65,"2017-11-01",7,"wolkig",10,17,2017,"11","Wed",-0.0953094537016721,4.68717188103515
"Neutor",61,"2017-11-01",8,"wolkig",11,17,2017,"11","Wed",0.904690546298328,4.68717188103515
"Neutor",613,"2017-11-02",7,"Klarer Himmel",8,11,2017,"11","Thu",-2.09530945370167,-1.31282811896485
"Neutor",1106,"2017-11-02",8,"wolkig",8,11,2017,"11","Thu",-2.09530945370167,-1.31282811896485
"Neutor",567,"2017-11-03",7,"Nebel",4,9,2017,"11","Fri",-6.09530945370167,-3.31282811896485
"Neutor",921,"2017-11-03",8,"Nebel",4,7,2017,"11","Fri",-6.09530945370167,-5.31282811896485
"Neutor",93,"2017-11-04",7,"Nebel",4,4,2017,"11","Sat",-6.09530945370167,-8.31282811896485
"Neutor",189,"2017-11-04",8,"Nebel",3,4,2017,"11","Sat",-7.09530945370167,-8.31282811896485
"Neutor",33,"2017-11-05",7,"Regen",10,7,2017,"11","Sun",-0.0953094537016721,-5.31282811896485
"Neutor",60,"2017-11-05",8,"Regen",10,14,2017,"11","Sun",-0.0953094537016721,1.68717188103515
"Neutor",790,"2017-11-06",7,"Nebel",0,6,2017,"11","Mon",-10.0953094537017,-6.31282811896485
"Neutor",1217,"2017-11-06",8,"Nebel",1,4,2017,"11","Mon",-9.09530945370167,-8.31282811896485
"Neutor",843,"2017-11-07",7,"Nebel",1,4,2017,"11","Tue",-9.09530945370167,-8.31282811896485
"Neutor",1366,"2017-11-07",8,"wolkig",2,6,2017,"11","Tue",-8.09530945370167,-6.31282811896485
"Neutor",834,"2017-11-08",7,"wolkig",6,6,2017,"11","Wed",-4.09530945370167,-6.31282811896485
"Neutor",1429,"2017-11-08",8,"wolkig",7,9,2017,"11","Wed",-3.09530945370167,-3.31282811896485
"Neutor",770,"2017-11-09",7,"Nebel",6,6,2017,"11","Thu",-4.09530945370167,-6.31282811896485
"Neutor",1274,"2017-11-09",8,"Nebel",7,6,2017,"11","Thu",-3.09530945370167,-6.31282811896485
"Neutor",717,"2017-11-10",7,"wolkig",8,13,2017,"11","Fri",-2.09530945370167,0.687171881035148
"Neutor",1049,"2017-11-10",8,"Regen",8,17,2017,"11","Fri",-2.09530945370167,4.68717188103515
"Neutor",125,"2017-11-11",7,"Regen",5,22,2017,"11","Sat",-5.09530945370167,9.68717188103515
"Neutor",201,"2017-11-11",8,"Regen",4,18,2017,"11","Sat",-6.09530945370167,5.68717188103515
"Neutor",38,"2017-11-12",7,"Klarer Himmel",2,11,2017,"11","Sun",-8.09530945370167,-1.31282811896485
"Neutor",47,"2017-11-12",8,"Nebel",2,11,2017,"11","Sun",-8.09530945370167,-1.31282811896485
"Neutor",736,"2017-11-13",7,"teilweise bewölkt",3,7,2017,"11","Mon",-7.09530945370167,-5.31282811896485
"Neutor",1174,"2017-11-13",8,"teilweise bewölkt",3,6,2017,"11","Mon",-7.09530945370167,-6.31282811896485
"Neutor",807,"2017-11-14",7,"wolkig",2,13,2017,"11","Tue",-8.09530945370167,0.687171881035148
"Neutor",1428,"2017-11-14",8,"wolkig",3,11,2017,"11","Tue",-7.09530945370167,-1.31282811896485
"Neutor",806,"2017-11-15",7,"wolkig",8,15,2017,"11","Wed",-2.09530945370167,2.68717188103515
"Neutor",1389,"2017-11-15",8,"wolkig",8,17,2017,"11","Wed",-2.09530945370167,4.68717188103515
"Neutor",708,"2017-11-16",7,"Regen",8,9,2017,"11","Thu",-2.09530945370167,-3.31282811896485
"Neutor",1129,"2017-11-16",8,"wolkig",8,11,2017,"11","Thu",-2.09530945370167,-1.31282811896485
"Neutor",700,"2017-11-17",7,"Nebel",4,6,2017,"11","Fri",-6.09530945370167,-6.31282811896485
"Neutor",1077,"2017-11-17",8,"Nebel",4,6,2017,"11","Fri",-6.09530945370167,-6.31282811896485
"Neutor",114,"2017-11-18",7,"wolkig",5,22,2017,"11","Sat",-5.09530945370167,9.68717188103515
"Neutor",239,"2017-11-18",8,"wolkig",6,22,2017,"11","Sat",-4.09530945370167,9.68717188103515
"Neutor",32,"2017-11-19",7,"",NA,NA,2017,"11","Sun",NA,NA
"Neutor",65,"2017-11-19",8,"Regen",4,29,2017,"11","Sun",-6.09530945370167,16.6871718810351
"Neutor",683,"2017-11-20",7,"wolkig",5,15,2017,"11","Mon",-5.09530945370167,2.68717188103515
"Neutor",1103,"2017-11-20",8,"wolkig",5,20,2017,"11","Mon",-5.09530945370167,7.68717188103515
"Neutor",678,"2017-11-21",7,"Regen",10,7,2017,"11","Tue",-0.0953094537016721,-5.31282811896485
"Neutor",1232,"2017-11-21",8,"Regen",10,9,2017,"11","Tue",-0.0953094537016721,-3.31282811896485
"Neutor",701,"2017-11-22",7,"Regen",10,30,2017,"11","Wed",-0.0953094537016721,17.6871718810351
"Neutor",1361,"2017-11-22",8,"Regen",10,24,2017,"11","Wed",-0.0953094537016721,11.6871718810351
"Neutor",716,"2017-11-23",7,"wolkig",9,22,2017,"11","Thu",-1.09530945370167,9.68717188103515
"Neutor",1207,"2017-11-23",8,"wolkig",10,26,2017,"11","Thu",-0.0953094537016721,13.6871718810351
"Neutor",408,"2017-11-24",7,"Regen",7,7,2017,"11","Fri",-3.09530945370167,-5.31282811896485
"Neutor",747,"2017-11-24",8,"Regen",6,7,2017,"11","Fri",-4.09530945370167,-5.31282811896485
"Neutor",69,"2017-11-25",7,"",NA,NA,2017,"11","Sat",NA,NA
"Neutor",166,"2017-11-25",8,"Nebel",2,4,2017,"11","Sat",-8.09530945370167,-8.31282811896485
"Neutor",32,"2017-11-26",7,"Nebel",2,18,2017,"11","Sun",-8.09530945370167,5.68717188103515
"Neutor",42,"2017-11-26",8,"Nebel",3,25,2017,"11","Sun",-7.09530945370167,12.6871718810351
"Neutor",594,"2017-11-27",7,"wolkig",4,24,2017,"11","Mon",-6.09530945370167,11.6871718810351
"Neutor",976,"2017-11-27",8,"wolkig",4,22,2017,"11","Mon",-6.09530945370167,9.68717188103515
"Neutor",598,"2017-11-28",7,"wolkig",5,28,2017,"11","Tue",-5.09530945370167,15.6871718810351
"Neutor",1191,"2017-11-28",8,"Regen",5,28,2017,"11","Tue",-5.09530945370167,15.6871718810351
"Neutor",596,"2017-11-29",7,"Nebel",1,7,2017,"11","Wed",-9.09530945370167,-5.31282811896485
"Neutor",1261,"2017-11-29",8,"Nebel",0,2,2017,"11","Wed",-10.0953094537017,-10.3128281189649
"Neutor",534,"2017-11-30",7,"Nebel",2,11,2017,"11","Thu",-8.09530945370167,-1.31282811896485
"Neutor",1074,"2017-11-30",8,"Nebel",2,11,2017,"11","Thu",-8.09530945370167,-1.31282811896485
"Neutor",507,"2017-12-01",7,"wolkig",2,6,2017,"12","Fri",-8.09530945370167,-6.31282811896485
"Neutor",933,"2017-12-01",8,"wolkig",2,6,2017,"12","Fri",-8.09530945370167,-6.31282811896485
"Neutor",62,"2017-12-02",7,"",NA,NA,2017,"12","Sat",NA,NA
"Neutor",199,"2017-12-02",8,"Nebel",1,7,2017,"12","Sat",-9.09530945370167,-5.31282811896485
"Neutor",26,"2017-12-03",7,"",NA,NA,2017,"12","Sun",NA,NA
"Neutor",44,"2017-12-03",8,"Regen",1,18,2017,"12","Sun",-9.09530945370167,5.68717188103515
"Neutor",540,"2017-12-04",7,"wolkig",6,17,2017,"12","Mon",-4.09530945370167,4.68717188103515
"Neutor",984,"2017-12-04",8,"wolkig",5,17,2017,"12","Mon",-5.09530945370167,4.68717188103515
"Neutor",580,"2017-12-05",7,"wolkig",6,20,2017,"12","Tue",-4.09530945370167,7.68717188103515
"Neutor",1213,"2017-12-05",8,"Regen",6,24,2017,"12","Tue",-4.09530945370167,11.6871718810351
"Neutor",584,"2017-12-06",7,"wolkig",7,22,2017,"12","Wed",-3.09530945370167,9.68717188103515
"Neutor",1206,"2017-12-06",8,"wolkig",7,26,2017,"12","Wed",-3.09530945370167,13.6871718810351
"Neutor",551,"2017-12-07",7,"wolkig",5,32,2017,"12","Thu",-5.09530945370167,19.6871718810351
"Neutor",1150,"2017-12-07",8,"wolkig",4,28,2017,"12","Thu",-6.09530945370167,15.6871718810351
"Neutor",486,"2017-12-08",7,"teilweise bewölkt",3,28,2017,"12","Fri",-7.09530945370167,15.6871718810351
"Neutor",888,"2017-12-08",8,"teilweise bewölkt",3,26,2017,"12","Fri",-7.09530945370167,13.6871718810351
"Neutor",98,"2017-12-09",7,"Schnee",1,36,2017,"12","Sat",-9.09530945370167,23.6871718810351
"Neutor",165,"2017-12-09",8,"Schnee",0,22,2017,"12","Sat",-10.0953094537017,9.68717188103515
"Neutor",25,"2017-12-10",7,"Klarer Himmel",0,18,2017,"12","Sun",-10.0953094537017,5.68717188103515
"Neutor",44,"2017-12-10",8,"Schnee",0,14,2017,"12","Sun",-10.0953094537017,1.68717188103515
"Neutor",407,"2017-12-11",7,"wolkig",0,4,2017,"12","Mon",-10.0953094537017,-8.31282811896485
"Neutor",777,"2017-12-11",8,"wolkig",0,6,2017,"12","Mon",-10.0953094537017,-6.31282811896485
"Neutor",424,"2017-12-12",7,"Schnee",1,26,2017,"12","Tue",-9.09530945370167,13.6871718810351
"Neutor",946,"2017-12-12",8,"Schnee",1,24,2017,"12","Tue",-9.09530945370167,11.6871718810351
"Neutor",471,"2017-12-13",7,"teilweise bewölkt",1,24,2017,"12","Wed",-9.09530945370167,11.6871718810351
"Neutor",1017,"2017-12-13",8,"wolkig",2,26,2017,"12","Wed",-8.09530945370167,13.6871718810351
"Neutor",385,"2017-12-14",7,"wolkig",4,20,2017,"12","Thu",-6.09530945370167,7.68717188103515
"Neutor",805,"2017-12-14",8,"Regen",3,24,2017,"12","Thu",-7.09530945370167,11.6871718810351
"Neutor",472,"2017-12-15",7,"wolkig",2,13,2017,"12","Fri",-8.09530945370167,0.687171881035148
"Neutor",795,"2017-12-15",8,"wolkig",2,20,2017,"12","Fri",-8.09530945370167,7.68717188103515
"Neutor",63,"2017-12-16",7,"",NA,NA,2017,"12","Sat",NA,NA
"Neutor",226,"2017-12-16",8,"Nebel",1,14,2017,"12","Sat",-9.09530945370167,1.68717188103515
"Neutor",47,"2017-12-17",7,"Klarer Himmel",1,18,2017,"12","Sun",-9.09530945370167,5.68717188103515
"Neutor",50,"2017-12-17",8,"Regen",1,14,2017,"12","Sun",-9.09530945370167,1.68717188103515
"Neutor",404,"2017-12-18",7,"wolkig",1,9,2017,"12","Mon",-9.09530945370167,-3.31282811896485
"Neutor",801,"2017-12-18",8,"wolkig",1,6,2017,"12","Mon",-9.09530945370167,-6.31282811896485
"Neutor",490,"2017-12-19",7,"Regen",3,6,2017,"12","Tue",-7.09530945370167,-6.31282811896485
"Neutor",947,"2017-12-19",8,"wolkig",3,6,2017,"12","Tue",-7.09530945370167,-6.31282811896485
"Neutor",519,"2017-12-20",7,"wolkig",6,4,2017,"12","Wed",-4.09530945370167,-8.31282811896485
"Neutor",900,"2017-12-20",8,"Nebel",6,2,2017,"12","Wed",-4.09530945370167,-10.3128281189649
"Neutor",441,"2017-12-21",7,"Regen",8,13,2017,"12","Thu",-2.09530945370167,0.687171881035148
"Neutor",776,"2017-12-21",8,"Regen",8,13,2017,"12","Thu",-2.09530945370167,0.687171881035148
"Neutor",355,"2017-12-22",7,"Nebel",6,6,2017,"12","Fri",-4.09530945370167,-6.31282811896485
"Neutor",546,"2017-12-22",8,"Nebel",6,9,2017,"12","Fri",-4.09530945370167,-3.31282811896485
"Neutor",56,"2017-12-23",7,"",NA,NA,2017,"12","Sat",NA,NA
"Neutor",112,"2017-12-23",8,"Nebel",8,22,2017,"12","Sat",-2.09530945370167,9.68717188103515
"Neutor",17,"2017-12-24",7,"Klarer Himmel",8,29,2017,"12","Sun",-2.09530945370167,16.6871718810351
"Neutor",22,"2017-12-24",8,"wolkig",8,25,2017,"12","Sun",-2.09530945370167,12.6871718810351
"Neutor",11,"2017-12-25",7,"",NA,NA,2017,"12","Mon",NA,NA
"Neutor",16,"2017-12-25",8,"Regen",8,22,2017,"12","Mon",-2.09530945370167,9.68717188103515
"Neutor",17,"2017-12-26",7,"",5,25,2017,"12","Tue",-5.09530945370167,12.6871718810351
"Neutor",8,"2017-12-26",8,"",NA,NA,2017,"12","Tue",NA,NA
"Neutor",96,"2017-12-27",7,"",NA,NA,2017,"12","Wed",NA,NA
"Neutor",130,"2017-12-27",8,"",5,18,2017,"12","Wed",-5.09530945370167,5.68717188103515
"Neutor",115,"2017-12-28",7,"",NA,NA,2017,"12","Thu",NA,NA
"Neutor",159,"2017-12-28",8,"",2,18,2017,"12","Thu",-8.09530945370167,5.68717188103515
"Neutor",106,"2017-12-29",7,"",NA,NA,2017,"12","Fri",NA,NA
"Neutor",172,"2017-12-29",8,"Klarer Himmel",1,18,2017,"12","Fri",-9.09530945370167,5.68717188103515
"Neutor",32,"2017-12-30",7,"Klarer Himmel",4,22,2017,"12","Sat",-6.09530945370167,9.68717188103515
"Neutor",55,"2017-12-30",8,"wolkig",4,22,2017,"12","Sat",-6.09530945370167,9.68717188103515
"Neutor",9,"2017-12-31",7,"Regen",8,11,2017,"12","Sun",-2.09530945370167,-1.31282811896485
"Neutor",18,"2017-12-31",8,"Regen",8,11,2017,"12","Sun",-2.09530945370167,-1.31282811896485
